43,BALL HOCKEY HRS ,null,110,photos/products/as.png,15,1,,,6,95061,12,,Pack,ball_hockey_hrs	Hockey
44,BALL LETHER A J MATCH ,null,620,photos/products/ball leather aj.jpg,48,1,,,6,5906,12,,GM,ball-lether-a-j-match,Cricket	Cricket
45,BALL LETHER AJ CLUB ,null,780,photos/products/ball club.jpg,24,1,,,6,5906,12,,GM,ball-lether-a-j-club,Cricket	Cricket
46,BALL LETHER HRS BULLET ,null,160,photos/products/ball bullet.jpg,12,1,,,6,5906,12,,GM,ball-lether-hrs-bullet,Cricket	Cricket
47,BALL LETHER SF COUNTY ,null,615,photos/products/ball sf county.jpg,50,1,,,6,5906,12,,GM,ball-lether-sf-county,Cricket	Cricket
48,BALL LETHER SF COUNTY WHITE ,null,650,photos/products/as.png,10,1,,,6,5906,12,,GM,ball-lether-sf-county-white,Cricket	Cricket
49,BALL LETHER SG CLUB ,null,699,photos/products/ball club.jpg,26,1,,,6,9506,12,,GM,ball-lether-sg-club,Cricket	Cricket
50,BALL LETHER SG CLUB WHITE ,null,899,photos/products/ball club white.jpg,36,1,,,6,5906,12,,GM,ball-lether-sg-club-white,Cricket	Cricket
51,BALL LETHER SG CLUB WHITE ,null,860,photos/products/ball club white.jpg,10,1,,,6,5906,12,,GM,ball-lether-sg-club-white,Cricket	Cricket
52,BALL LETHER SG TEST ,null,1799,photos/products/ball test.jpg,9,1,,,6,9506,12,,GM,ball-lether-sg-test,Cricket	Cricket
53,BALL LETHER SG TEST WHITE ,null,1999,photos/products/as.png,12,1,,,6,5906,12,,GM,ball-lether-sg-test-white,Cricket	Cricket
54,BALL LETHER SS COUNTY ,null,545,photos/products/ball county.jpg,25,1,,,6,9506,12,,GM,ball-lether-ss-county,Cricket	Cricket
55,BALL LETHER SS WORLD ,null,295,photos/products/as.png,10,1,,,6,5906,12,,GM,ball-lether-ss-world,Cricket	Cricket
56,BALL LETHER SS YORKER ,null,495,photos/products/as.png,13,1,,,6,5906,12,,GM,ball-lether-ss-yorker,Cricket	Cricket
57,BALL LAWN TENIS HEAD CHAMPIONSHIP ,null,462,photos/products/ball lawn tennis head.jpg,33,1,,,6,95066100,12,,GM,ball-lon-tenis-head-championship,Tennis	Tennis
58,BALL LAWN TENIS WILSON ,null,449,photos/products/ball lawn tennis wilson.jpg,14,1,,,6,95066100,12,,GM,ball-lon-tenis-wilson,Tennis	Tennis
59,BALL MACHINE HRS ,null,310,photos/products/as.png,59,1,,,6,9506,12,,PACK,ball-machine-hrs,Cricket	Cricket
60,BALL MULTI REACTION SS ,null,180,photos/products/as.png,12,1,,,6,9504,12,,PACK,ball-multi-reaction-ss,Cricket	Cricket
61,BALL PLASTIC VIXEN SILVER V.60 ,null,60,photos/products/as.png,21,1,,,6,9506,12,,PACK,ball-plastic-vixen-silver-v60,Cricket	Cricket
62,BALL PLASTIC VIXEN V.30 ,null,30,photos/products/as.png,14,1,,,6,9506,12,,PACK,ball-plastic-vixen-v30,Cricket	Cricket
63,BALL PLASTIC VIXEN V.40 ,null,35,photos/products/as.png,20,1,,,6,9506,12,,PACK,ball-plastic-vixen-v40,Cricket	Cricket
64,BALL PLASTIC VIXEN V.80 ,null,60,photos/products/as.png,16,1,,,6,9506,12,,PACK,ball-plastic-vixen-v80,Cricket	Cricket
65,BALL S.W HRS ,null,340,photos/products/as.png,4,1,,,6,9506,12,,GM,ball-sw-hrs,Cricket	Cricket
66,BALL SOFT HRS ,null,180,photos/products/as.png,17,1,,,6,9506,12,,Pack,ball-soft-hrs,Cricket	Cricket
 cancel  67,BALL SOFT HRS ,null,140,photos/products/as.png,7,1,,,6,9506,12,,Pack,ball-soft-hrs,Cricket	Cricket
68,BALL SQUASH DUNLOP ,null,240,photos/products/ball squash.jpg,12,1,,,6,9506,12,,GM,ball-squash-dunlop,Tennis	Tennis
69,BALL SYNTHETIC HRS ,null,190,photos/products/ball synthetic hrs.jpg,11,1,,,6,9506,12,,PACK,ball-synthetic-hrs,Cricket	Cricket
70,BALL SYNTHETIC SG EVERLAST ,null,240,photos/products/as.png,2,1,,,6,9506,12,,GM,ball-synthetic-sg-everlastCC	Cricket
71,BALL TENNIS HRS ,null,80,photos/products/as.png,1,1,,,6,9506,12,,GM,ball-tennis-hrs,Tennis	Tennis
72,BALL TENNIS NIVIA ,null,80,photos/products/as.png,35,1,,,6,9506,12,,PACK,ball-tennis-nivia,Tennis	Tennis
73,BALL TENNIS VICKY ,null,95,photos/products/as.png,599,1,,,6,9506,12,,GM,ball-tennis-vicky,Tennis	Tennis
 cancel 74,BALL TENNIS VICKY ,null,70,photos/products/as.png,1,1,,,6,9506,12,,GM,ball-tennis-vicky,Tennis	Tennis
75,BALL TURF HRS ,null,160,photos/products/as.png,12,1,,,6,9506,12,,GM,ball-turf-hrs,Hockey	Hockey
76,BALL TURF MONTEX ,null,130,photos/products/as.png,21,1,,,6,9506,12,,PACK,ball-turf-montex,Hockey	Hockey
77,BALL WEIGHTED VAMOS ,null,500,photos/products/as.png,1,1,,,6,9506,12,,PACK,ball-weighted-vamos,Cricket	Cricket
78,HANDBALL NIVIA SYNTHETIC ,null,910,photos/products/as.png,3,1,,,6,9506,12,MENS,GM,handball-nivia-synthetic	#VALUE!
79,HANDBALL NIVIA SYNTHETIC ,null,855,photos/products/as.png,2,1,,,6,9506,12,WOMEN,GM,handball-nivia-synthetic	#VALUE!
80,T T BALL ,null,57,photos/products/as.png,9,1,,,6,9506,12,,Pack,t-t-ball,Cricket	Cricket
cancel 81,T T BALL ,null,35,photos/products/as.png,6,1,,,6,9506,12,,Pack,t-t-ball,Cricket	Cricket
82,T T BALL DONIC ,null,38,photos/products/as.png,18,1,,,6,9506,12,,GM,t-t-ball-donic,Cricket	Cricket
83,T T BALL DONIC ,null,83,photos/products/as.png,37,1,,,6,9506,12,,GM,t-t-ball-donic,Cricket	Cricket
cancel 84,BASE BALL STICK STERLING ,null,1449,photos/products/baseball stick.jpg,1,1,,,8,95061,12,,Pack,base-ball-stick-sterling,Baseball	Baseball
85,BASKET BALL NIVIA ENGRAVER ,null,840,photos/products/basket ball nivia.jpg,,1,,,9,9506,12,7,GM,basket-ball-nivia-engraver,Basket Ball	Basket Ball
86,BASKET BALL NIVIA EUROPA ,null,199,photos/products/basket ball nivia.jpg,4,1,,,9,9506,12,3,PACK,basket-ball-nivia-europa,Basket Ball	Basket Ball
87,BASKET BALL RING COUGAR ,null,1130,photos/products/as.png,4,1,,,9,9506,12,,PACK,basket-ball-ring-cougar,Basket Ball	Basket Ball
88,BASKET BALL SPARTAN SUPER POWER ,null,549,photos/products/as.png,2,1,,,9,9506,12,,PACK,basket-ball-spartan-super-power,Basket Ball	Basket Ball
89,BASKET BALL SET LIDONG ,null,650,photos/products/as.png,1,1,,,10,1901,5,3XL,PACK,basket-ball-set-lidong,Basket Ball	Basket Ball
90,BASKET BALL SET LIDONG ,null,650,photos/products/as.png,3,1,,,10,1901,5,4XL,PACK,basket-ball-set-lidong,Basket Ball	Basket Ball
91,BASKET BALL SET LIDONG ,null,650,photos/products/as.png,1,1,,,10,1901,5,S,PACK,basket-ball-set-lidong,Basket Ball	Basket Ball
92,BASKET BALL SET LIDONG ,null,650,photos/products/as.png,3,1,,,10,1901,5,XL,PACK,basket-ball-set-lidong,Basket Ball	Basket Ball
93,BASKET BALL SET NIVIA ,null,699,photos/products/as.png,2,1,,,10,1901,5,L,PACK,basket-ball-set-nivia,Basket Ball	Basket Ball
94,BASKET BALL SET THAILAND ,null,550,photos/products/as.png,5,1,,,10,1515,5,2XL,Pack,basket-ball-set-thailand,Basket Ball	Basket Ball
95,BASKET BALL SET THAILAND ,null,550,photos/products/as.png,1,1,,,10,1515,5,3XL,Pack,basket-ball-set-thailand,Basket Ball	Basket Ball
96,BASKET BALL SET THAILAND ,null,550,photos/products/as.png,3,1,,,10,1515,5,L,Pack,basket-ball-set-thailand,Basket Ball	Basket Ball
97,BASKET BALL SET THAILAND ,null,550,photos/products/as.png,12,1,,,10,1515,5,XL,Pack,basket-ball-set-thailand,Basket Ball	Basket Ball
98,BAT CATCHING GRAYNICOLLS ,null,1999,photos/products/as.png,1,1,,,11,95069920,12,,GM,bat-catching-graynicolls,Bat	Cricket
99,BAT E/W ADIDAS  5.0 ,null,10109,photos/products/bat adidas.jpg,2,1,,,11,95069920,12,SH,GM,bat-ew-adidas-50,Bat	Cricket
100,BAT E/W ADIDAS INCURZA 6.0 ,null,7979,photos/products/as.png,1,1,,,11,95069920,12,SH,PACK,bat-ew-adidas-incurza-60,Bat	Cricket
101,BAT E/W ADIDAS PELLARA 5.0 HARROW ,null,4999,photos/products/as.png,1,1,,,11,95069920,12,SH,GM,bat-ew-adidas-pellara-50-harrow,Bat	Cricket
102,BAT E/W ADIDAS PELLARA 7.0 SNR ,null,6269,photos/products/as.png,1,1,,,11,95069920,12,SH,PACK,bat-ew-adidas-pellara-70-snr,Bat	Cricket
103,BAT E/W ADIDAS PELLARA 8.0 SNR ,null,5579,photos/products/as.png,1,1,,,11,95069920,12,SH,PACK,bat-ew-adidas-pellara-80-snr,Bat	Cricket
104,BAT E/W BAS ,null,4000,photos/products/bat bas.jpg,1,1,,,11,95061,12,2,PACK,bat-ew-bas,Bat	Cricket
105,BAT E/W BAS COMMANDER ,null,12600,photos/products/as.png,1,1,,,11,95069920,12,SH,GM,bat-ew-bas-commander,Bat	Cricket
106,BAT E/W BAS KING HITTER ,null,9200,photos/products/as.png,1,1,,,11,95069920,12,SH,GM,bat-ew-bas-king-hitter,Bat	Cricket
107,BAT E/W BAS SUPREME ,null,11400,photos/products/as.png,1,1,,,11,95069920,12,SH,GM,bat-ew-bas-supreme,Bat	Cricket
108,BAT E/W DSC BRAVADO DARE ,null,11899,photos/products/as.png,1,1,,,11,95069920,12,SH,PACK,bat-ew-dsc-bravado-dare,Bat	Cricket
109,BAT E/W DSC BRAVADO JIVE ,null,9699,photos/products/as.png,1,1,,,11,95069920,12,SH,GM,bat-ew-dsc-bravado-jive,Bat	Cricket
110,BAT E/W DSC BRAVADO RANT ,null,7899,photos/products/as.png,1,1,,,11,95069920,12,SH,GM,bat-ew-dsc-bravado-rant,Bat	Cricket
111,BAT E/W DSC IBIS 100 ,null,7099,photos/products/as.png,1,1,,,11,95069920,12,SH,GM,bat-ew-dsc-ibis-100,Bat	Cricket
112,BAT E/W DSC SPLIT 4.0 ,null,14999,photos/products/as.png,1,1,,,11,95069920,12,SH,PACK,bat-ew-dsc-split-40,Bat	Cricket
113,BAT E/W DSC XLITE 4.0 ,null,14999,photos/products/as.png,2,1,,,11,95069920,12,SH,PACK,bat-ew-dsc-xlite-40,Bat	Cricket
114,BAT E/W DSC XLITE 5.0 ,null,9599,photos/products/as.png,1,1,,,11,95069920,12,SH,GM,bat-ew-dsc-xlite-50,Bat	Cricket
115,BAT E/W GM 303 ,null,5999,photos/products/as.png,1,1,,,11,95069920,12,5,PACK,bat-ew-gm-303,Bat	Cricket
116,BAT E/W GM 303 ,null,6379,photos/products/as.png,1,1,,,11,95069920,12,SH,PACK,bat-ew-gm-303,Bat	Cricket
117,BAT E/W GM 606 ,null,10725,photos/products/as.png,1,1,,,11,95069920,12,SH,PACK,bat-ew-gm-606,Bat	Cricket
118,BAT E/W GM CHROMA 303 ,null,5499,photos/products/as.png,2,1,,,11,95069920,12,4,PACK,bat-ew-gm-chroma-303,Bat	Cricket
119,BAT E/W GM CHROMA 303 ,null,6199,photos/products/as.png,2,1,,,11,95069920,12,5,PACK,bat-ew-gm-chroma-303,Bat	Cricket
120,BAT E/W GM CHROMA 303 ,null,6199,photos/products/as.png,2,1,,,11,95069920,12,6,PACK,bat-ew-gm-chroma-303,Bat	Cricket
121,BAT E/W GM CHROMA 303 ,null,6799,photos/products/as.png,2,1,,,11,95069920,12,SH,PACK,bat-ew-gm-chroma-303,Bat	Cricket
122,BAT E/W GM ICON 505 ,null,11799,photos/products/as.png,1,1,,,11,95061,12,SH,PACK,bat-ew-gm-icon-505,Bat	Cricket
123,BAT E/W GRAYNICOLLS GN 10 ,null,59999,photos/products/as.png,1,1,,,11,9506,12,SH,PACK,bat-ew-graynicolls-gn-10,Bat	Cricket
124,BAT E/W GRAYNICOLLS GN 4 BLACK ,null,7899,photos/products/as.png,1,1,,,11,9506,12,SH,PACK,bat-ew-graynicolls-gn-4-black,Bat	Cricket
125,BAT E/W GRAYNICOLLS INFERNO GN3 ,null,6699,photos/products/as.png,2,1,,,11,9506,12,SH,PACK,bat-ew-graynicolls-inferno-gn3,Bat	Cricket
126,BAT E/W GRAYNICOLLS INFERNO GN5 ,null,10499,photos/products/as.png,1,1,,,11,95061,12,SH,GM,bat-ew-graynicolls-inferno-gn5,Bat	Cricket
127,BAT E/W GRAYNICOLLS LIMITED EDITION ,null,16999,photos/products/as.png,1,1,,,11,9506,12,SH,PACK,bat-ew-graynicolls-limited-edition,Bat	Cricket
128,BAT E/W GRAYNICOLLS MAAX GN2 ,null,5999,photos/products/as.png,2,1,,,11,9506,12,SH,PACK,bat-ew-graynicolls-maax-gn2,Bat	Cricket
129,BAT E/W GRAYNICOLLS MAAX GN4 ,null,7899,photos/products/as.png,2,1,,,11,9506,12,SH,PACK,bat-ew-graynicolls-maax-gn4,Bat	Cricket
130,BAT E/W GRAYNICOLLS MAAX GN5 ,null,6999,photos/products/as.png,1,1,,,11,9506,12,SH,PACK,bat-ew-graynicolls-maax-gn5,Bat	Cricket
131,BAT E/W GRAYNICOLLS NITRO GN1.5 ,null,5099,photos/products/as.png,2,1,,,11,9506,12,SH,PACK,bat-ew-graynicolls-nitro-gn15,Bat	Cricket
132,BAT E/W GRAYNICOLLS NITRO GN2 H ,null,4499,photos/products/as.png,2,1,,,11,9506,12,SH,PACK,bat-ew-graynicolls-nitro-gn2-h,Bat	Cricket
133,BAT E/W HRS PREDATOR ,null,9600,photos/products/as.png,1,1,,,11,95061,12,SH,PACK,bat-ew-hrs-predator,Bat	Cricket
134,BAT E/W MRF ABD 17 ,null,10130,photos/products/as.png,1,1,,,11,9506,12,SH,PACK,bat-ew-mrf-abd-17,Bat	Cricket
135,BAT E/W MRF ELEGANCE ,null,5400,photos/products/as.png,1,1,,,11,9506,12,SH,PACK,bat-ew-mrf-elegance,Bat	Cricket



136,BAT E/W NB DC 570 ,null,5499,photos/products/as.png,1,1,,,11,9506,12,6,PACK,bat-ew-nb-dc-570,Bat	Cricket
137,BAT E/W NB DC640+ ,null,10999,photos/products/as.png,1,1,,,11,9506,12,SH,PACK,bat-ew-nb-dc640,Bat	Cricket
138,BAT E/W NB HERITAGE ,null,9999,photos/products/as.png,2,1,,,11,9506,12,SH,PACK,bat-ew-nb-heritage,Bat	Cricket
139,BAT E/W NEW BALANCE DC 580 ,null,9699,photos/products/as.png,1,1,,,11,95061,12,SH,PACK,bat-ew-new-balance-dc-580,Bat	Cricket
140,BAT E/W NIKE DRIVE ,null,4999,photos/products/as.png,1,1,,,11,95061,12,SH,PACK,bat-ew-nike-drive,Bat	Cricket
141,BAT E/W PROTOS THUNDER ,null,3950,photos/products/as.png,1,1,,,11,95061,12,SH,GM,bat-ew-protos-thunder,Bat	Cricket
142,BAT E/W PUMA KINETIC 3000 ,null,8999,photos/products/as.png,1,1,,,11,95061,12,SH,PACK,bat-ew-puma-kinetic-3000,Bat	Cricket
143,BAT E/W SF CAMO-ADI 2 ,null,9200,photos/products/as.png,1,1,,,11,9506,12,SH,GM,bat-ew-sf-camo-adi-2,Bat	Cricket
144,BAT E/W SF CAMO-ADI 2 ,null,8100,photos/products/as.png,1,1,,,11,9506,12,SH,GM,bat-ew-sf-camo-adi-2,Bat	Cricket
145,BAT E/W SF CAMO-ADI 3 ,null,8800,photos/products/as.png,1,1,,,11,9506,12,SH,GM,bat-ew-sf-camo-adi-3,Bat	Cricket
146,BAT E/W SF SAPP AUTOGRAPH ,null,2665,photos/products/as.png,1,1,,,11,9506,12,6,GM,bat-ew-sf-sapp-autograph,Bat	Cricket
147,BAT E/W SF SUPER ,null,2600,photos/products/as.png,1,1,,,11,9506,12,6,GM,bat-ew-sf-super,Bat	Cricket
148,BAT E/W SF XTREME ,null,11999,photos/products/as.png,4,1,,,11,9506,12,SH,PACK,bat-ew-sf-xtreme,Bat	Cricket
149,BAT E/W SG NEXUS XTREME ,null,7899,photos/products/as.png,1,1,,,11,9506,12,SH,GM,bat-ew-sg-nexus-xtreme,Bat	Cricket
150,BAT E/W SG RP XTREME ,null,6749,photos/products/as.png,1,1,,,11,9506,12,SH,PACK,bat-ew-sg-rp-xtreme,Bat	Cricket
151,BAT E/W SG RSD XTREME ,null,3999,photos/products/as.png,1,1,,,11,9506,12,SH,GM,bat-ew-sg-rsd-xtreme,Bat	Cricket
152,BAT E/W SG RSD XTREME ,null,3349,photos/products/as.png,2,1,,,11,9506,12,6,GM,bat-ew-sg-rsd-xtreme,Bat	Cricket
153,BAT E/W SG SIERRA 150 ,null,4399,photos/products/as.png,1,1,,,11,9506,12,SH,GM,bat-ew-sg-sierra-150,Bat	Cricket
154,BAT E/W SG SLAMMER CLASSIC ,null,7299,photos/products/as.png,2,1,,,11,9506,12,SH,GM,bat-ew-sg-slammer-classic,Bat	Cricket
155,BAT E/W SG SLAMMER CLASSIC ,null,5499,photos/products/as.png,1,1,,,11,9506,12,6,GM,bat-ew-sg-slammer-classic,Bat	Cricket
156,BAT E/W SG SUNNY TONNY ,null,19799,photos/products/as.png,1,1,,,11,9506,12,SH,GM,bat-ew-sg-sunny-tonny,Bat	Cricket
157,BAT E/W SG SUNNY TONNY XTREME BLK ,null,24749,photos/products/as.png,1,1,,,11,95061,12,SH,PACK,bat-ew-sg-sunny-tonny-xtreme-blk,Bat	Cricket
158,BAT E/W SG THUNDER STRIKER ,null,4199,photos/products/as.png,2,1,,,11,9506,12,6,GM,bat-ew-sg-thunder-striker,Bat	Cricket
159,BAT E/W SG TRIPLE CROWN ICON ,null,9899,photos/products/as.png,2,1,,,11,9506,12,SH,GM,bat-ew-sg-triple-crown-icon,Bat	Cricket
160,BAT E/W SLAZENR V500 ,null,4000,photos/products/as.png,1,1,,,11,95061,12,SH,GM,bat-ew-slazenr-v500,Bat	Cricket
161,BAT E/W SPARTAN  FIGHTER ,null,16000,photos/products/as.png,1,1,,,11,95061,12,SH,GM,bat-ew-spartan-fighter,Bat	Cricket
162,BAT E/W SS  VINTAGE ,null,6400,photos/products/as.png,1,1,,,11,9506,12,SH,GM,bat-ew-ss-vintage,Bat	Cricket
163,BAT E/W SS DYNASTY ,null,5730,photos/products/as.png,1,1,,,11,95061,12,6,GM,bat-ew-ss-dynasty,Bat	Cricket
164,BAT E/W SS ELITE ,null,4680,photos/products/as.png,1,1,,,11,95061,12,SH,GM,bat-ew-ss-elite,Bat	Cricket
165,BAT E/W SS GG SMACKER ,null,12000,photos/products/as.png,1,1,,,11,95061,12,SH,PACK,bat-ew-ss-gg-smacker,Bat	Cricket
166,BAT E/W SS GLORY ,null,9000,photos/products/as.png,1,1,,,11,95061,12,SH,GM,bat-ew-ss-glory,Bat	Cricket
167,BAT E/W SS HERITAGE ,null,8550,photos/products/as.png,1,1,,,11,95061,12,6,GM,bat-ew-ss-heritage,Bat	Cricket
168,BAT E/W SS MAGNUM ,null,2910,photos/products/as.png,1,1,,,11,95061,12,6,GM,bat-ew-ss-magnum,Bat	Cricket
169,BAT E/W SS MASTER 1500 ,null,8800,photos/products/as.png,2,1,,,11,95061,12,SH,PACK,bat-ew-ss-master-1500,Bat	Cricket
170,BAT E/W SS MASTER 7000 ,null,17400,photos/products/as.png,1,1,,,11,95061,12,SH,PACK,bat-ew-ss-master-7000,Bat	Cricket
171,BAT E/W SS MASTER 99 ,null,6000,photos/products/as.png,1,1,,,11,95061,12,SH,GM,bat-ew-ss-master-99,Bat	Cricket
172,BAT E/W SS ORANGE ,null,9405,photos/products/as.png,1,1,,,11,95061,12,SH,nos ,bat-ew-ss-orange,Bat	Cricket
173,BAT E/W SS POWER PLAY ,null,3935,photos/products/as.png,1,1,,,11,95061,12,SH,GM,bat-ew-ss-power-play,Bat	Cricket
174,BAT E/W SS POWER PLAY ,null,4235,photos/products/as.png,1,1,,,11,95061,12,SH,GM,bat-ew-ss-power-play,Bat	Cricket
175,BAT E/W SS PRESTIGE (1),null,8100,photos/products/as.png,1,1,,,11,95061,12,,GM,bat-ew-ss-prestige-1,Bat	Cricket
176,BAT E/W SS RAVINDRA JADEJA ,null,17000,photos/products/as.png,1,1,,,11,9506,12,SH,PACK,bat-ew-ss-ravindra-jadeja,Bat	Cricket
177,BAT E/W SS RETRO BLASTER ,null,13000,photos/products/as.png,1,1,,,11,95061,12,SH,PACK,bat-ew-ss-retro-blaster,Bat	Cricket
178,BAT E/W SS RETRO ELITE ,null,9200,photos/products/as.png,1,1,,,11,95061,12,SH,PACK,bat-ew-ss-retro-elite,Bat	Cricket
179,BAT E/W SS RETRO MAX POWER ,null,17000,photos/products/as.png,1,1,,,11,95061,12,SH,GM,bat-ew-ss-retro-max-power,Bat	Cricket
180,BAT E/W SS RETRO SUPREME ,null,40000,photos/products/as.png,1,1,,,11,9506,12,SH,PACK,bat-ew-ss-retro-supreme,Bat	Cricket
181,BAT E/W SS RETRO ULTIMATE ,null,8200,photos/products/as.png,1,1,,,11,95061,12,SH,GM,bat-ew-ss-retro-ultimate,Bat	Cricket
182,BAT E/W SS SUPER ,null,9360,photos/products/as.png,1,1,,,11,9506,12,SH,GM,bat-ew-ss-super,Bat	Cricket
183,BAT E/W SS TIGER ,null,3250,photos/products/as.png,1,1,,,11,95061,12,6,GM,bat-ew-ss-tiger,Bat	Cricket
184,BAT E/W SS TON CLASSIC ,null,4300,photos/products/as.png,1,1,,,11,95061,12,SH,GM,bat-ew-ss-ton-classic,Bat	Cricket
185,BAT E/W SS VINTAGE ,null,8000,photos/products/as.png,2,1,,,11,95061,12,SH,GM,bat-ew-ss-vintage,Bat	Cricket
186,BAT E/W SS VINTAGE ,null,6400,photos/products/as.png,1,1,,,11,95061,12,SH,GM,bat-ew-ss-vintage,Bat	Cricket
187,BAT E/W VICKY LEGEND ,null,10000,photos/products/as.png,1,1,,,11,95069920,12,SH,PACK,bat-ew-vicky-legend,Bat	Cricket
188,BAT FIBRE NB ,null,3899,photos/products/as.png,2,1,,,11,9506,12,SH,PACK,bat-fibre-nb,Bat	Cricket
189,BAT K/W ADIDAS ,null,1820,photos/products/as.png,1,1,,,11,95061,12,SH,GM,bat-kw-adidas,Bat	Cricket
190,BAT K/W ADIDAS ,null,1559,photos/products/as.png,1,1,,,11,95061,12,6,GM,bat-kw-adidas,Bat	Cricket
191,BAT K/W ADIDAS CX 11 ,null,2199,photos/products/as.png,1,1,,,11,95061,12,SH,PACK,bat-kw-adidas-cx-11,Bat	Cricket
192,BAT K/W ALIEN 2FAST ,null,2349,photos/products/as.png,1,1,,,11,95061,12,6,PACK,bat-kw-alien-2fast,Bat	Cricket
193,BAT K/W ALIEN 50MM ,null,2799,photos/products/as.png,1,1,,,11,95061,12,SH,PACK,bat-kw-alien-50mm,Bat	Cricket
194,BAT K/W ALIEN HIT MACHINE ,null,3099,photos/products/as.png,1,1,,,11,95061,12,SH,PACK,bat-kw-alien-hit-machine,Bat	Cricket
195,BAT K/W ALIEN X BOY ,null,1999,photos/products/as.png,1,1,,,11,95061,12,SH,PACK,bat-kw-alien-x-boy,Bat	Cricket
196,BAT K/W DKG FIGHTER ,null,1199,photos/products/as.png,1,1,,,11,95061,12,6,PACK,bat-kw-dkg-fighter,Bat	Cricket
197,BAT K/W GRAYNICOLLS NITRO SMASH ,null,2299,photos/products/as.png,1,1,,,11,95061,12,SH,GM,bat-kw-graynicolls-nitro-smash,Bat	Cricket
198,BAT K/W HRS  WORLD CUP ,null,850,photos/products/as.png,1,1,,,11,95061,12,3,GM,bat-kw-hrs-world-cup,Bat	Cricket
199,BAT K/W HRS  WORLD CUP ,null,900,photos/products/as.png,1,1,,,11,95061,12,4,GM,bat-kw-hrs-world-cup,Bat	Cricket
200,BAT K/W HRS  WORLD CUP ,null,975,photos/products/as.png,1,1,,,11,95061,12,5,GM,bat-kw-hrs-world-cup,Bat	Cricket
201,BAT K/W HRS DYANAMIC ,null,1900,photos/products/as.png,1,1,,,11,95061,12,SH,PACK,bat-kw-hrs-dyanamic,Bat	Cricket
202,BAT K/W HRS WORLD CUP ,null,1840,photos/products/as.png,1,1,,,11,95061,12,SH,PACK,bat-kw-hrs-world-cup,Bat	Cricket
203,BAT K/W MRF CHAMP ,null,1880,photos/products/as.png,1,1,,,11,95061,12,5,GM,bat-kw-mrf-champ,Bat	Cricket
204,BAT K/W MRF CHAMP ,null,1880,photos/products/as.png,1,1,,,11,95061,12,6,GM,bat-kw-mrf-champ,Bat	Cricket
205,BAT K/W PRO ,null,1215,photos/products/as.png,1,1,,,11,95061,12,5,GM,bat-kw-pro,Bat	Cricket
206,BAT K/W SF BIG SHOT ,null,1665,photos/products/as.png,1,1,,,11,95061,12,SH,PACK,bat-kw-sf-big-shot,Bat	Cricket
207,BAT K/W SG BOUNDARY CLASSIC ,null,2899,photos/products/as.png,1,1,,,11,95061,12,SH,PACK,bat-kw-sg-boundary-classic,Bat	Cricket
208,BAT K/W SG NEXUS ,null,950,photos/products/as.png,1,1,,,11,95061,12,5,GM,bat-kw-sg-nexus,Bat	Cricket
209,BAT K/W SG RSD SPARK ,null,1539,photos/products/as.png,2,1,,,11,95061,12,5,GM,bat-kw-sg-rsd-spark,Bat	Cricket
210,BAT K/W SG RSD SPARK ,null,1899,photos/products/as.png,1,1,,,11,95061,12,SH,GM,bat-kw-sg-rsd-spark,Bat	Cricket
211,BAT K/W SG SCORER CLASSIC ,null,1999,photos/products/as.png,1,1,,,11,95061,12,SH,PACK,bat-kw-sg-scorer-classic,Bat	Cricket
212,BAT K/W SPARTAN MSD RUN ,null,1750,photos/products/as.png,1,1,,,11,95061,12,SH,PACK,bat-kw-spartan-msd-run,Bat	Cricket
213,BAT K/W SS CANNON ,null,2310,photos/products/as.png,2,1,,,11,95061,12,SH,GM,bat-kw-ss-cannon,Bat	Cricket
214,BAT K/W SS JOSH ,null,2095,photos/products/as.png,1,1,,,11,95061,12,SH,GM,bat-kw-ss-josh,Bat	Cricket
215,BAT K/W SS JOSH ,null,1370,photos/products/as.png,1,1,,,11,95061,12,5,GM,bat-kw-ss-josh,Bat	Cricket
216,BAT K/W SS R-7 ,null,2355,photos/products/as.png,2,1,,,11,95061,12,SH,GM,bat-kw-ss-r-7,Bat	Cricket
217,BAT K/W SS RETRO 20/20 ,null,2750,photos/products/as.png,2,1,,,11,9506,12,SH,PACK,bat-kw-ss-retro-2020,Bat	Cricket
218,BAT K/W SS SANGAKARA ,null,2565,photos/products/as.png,2,1,,,11,9506,12,SH,PACK,bat-kw-ss-sangakara,Bat	Cricket
219,BAT K/W SS SUPER POWER ,null,1565,photos/products/as.png,1,1,,,11,95061,12,SH,GM,bat-kw-ss-super-power,Bat	Cricket
220,BAT K/W SS VINTAGE BOLT ,null,2450,photos/products/as.png,1,1,,,11,9506,12,SH,PACK,bat-kw-ss-vintage-bolt,Bat	Cricket
221,BAT K/W SS YUVI 20/20 ,null,2610,photos/products/as.png,2,1,,,11,95061,12,SH,GM,bat-kw-ss-yuvi-2020,Bat	Cricket
222,BAT K/W VICKY LEGEND ,null,3000,photos/products/as.png,2,1,,,11,95069920,12,SH,PACK,bat-kw-vicky-legend,Bat	Cricket
223,BAT KNOCKING ,null,1200,photos/products/as.png,2,1,,,11,95061,12,,GM,bat-knocking,Bat	Cricket
224,BAT TENNIS ALIEN ,null,1499,photos/products/as.png,1,1,,,11,95061,12,SH,GM,bat-tennis-alien,Bat	Cricket
225,BAT TENNIS DKG ,null,1099,photos/products/as.png,2,1,,,11,95061,12,SH,GM,bat-tennis-dkg,Bat	Cricket
226,BAT TENNIS HRS ,null,949,photos/products/as.png,2,1,,,11,95061,12,,GM,bat-tennis-hrs,Bat	Cricket
227,BAT TENNIS HRS ,null,760,photos/products/as.png,2,1,,,11,95061,12,,GM,bat-tennis-hrs,Bat	Cricket
228,BAT TENNIS VICKY LEGEND ,null,1500,photos/products/as.png,4,1,,,11,95069920,12,SH,PACK,bat-tennis-vicky-legend,Bat	Cricket
229,BAT TENNIS VICKY LEGEND ,null,2000,photos/products/as.png,3,1,,,11,95069920,12,SH,PACK,bat-tennis-vicky-legend,Bat	Cricket
230,T T BAT ,null,1110,photos/products/as.png,2,1,,,11,611204,12,SH,Pack,t-t-bat	Cricket
231,T T BAT ,null,1240,photos/products/as.png,1,1,,,11,611204,12,SH,Pack,t-t-bat	Cricket
232,T T BAT ,null,879,photos/products/as.png,1,1,,,11,611204,12,SH,Pack,t-t-bat	Cricket
233,T T BAT ,null,1240,photos/products/as.png,2,1,,,11,611204,12,MIX,Pack,t-t-bat	Cricket
234,T T BAT ,null,750,photos/products/as.png,1,1,,,11,611204,12,MIX,Pack,t-t-bat	Cricket
235,T T BAT ,null,560,photos/products/as.png,2,1,,,11,611204,12,MIX,Pack,t-t-bat	Cricket
236,T T BAT ,null,700,photos/products/as.png,1,1,,,11,611204,12,MIX,Pack,t-t-bat	Cricket
237,T T BAT ,null,200,photos/products/as.png,1,1,,,11,611204,12,,Pack,t-t-bat	Cricket
238,T T BAT ,null,1000,photos/products/as.png,1,1,,,11,611204,12,,Pack,t-t-bat	Cricket
239,T T BAT ,null,1110,photos/products/as.png,1,1,,,11,611204,12,,Pack,t-t-bat	Cricket
240,T T BAT ,null,589,photos/products/as.png,1,1,,,11,611204,12,,Pack,t-t-bat	Cricket



241,BAT GRIP GM ,null,170,photos/products/as.png,12,1,,,12,95069990,12,,PACK,bat-grip-gm,Bat	Cricket
242,BAT GRIP GM ,null,235,photos/products/as.png,57,1,,,12,95069990,12,,PACK,bat-grip-gm,Bat	Cricket
243,BAT GRIP GM ,null,115,photos/products/as.png,18,1,,,12,95069990,12,,PACK,bat-grip-gm,Bat	Cricket
244,BAT GRIP GM ,null,295,photos/products/as.png,29,1,,,12,95069990,12,,PACK,bat-grip-gm,Bat	Cricket
245,BATTING GLOVES ADIDAS  3.0 YOUTH ,null,1929,photos/products/as.png,1,1,,,14,4203,12,RH,GM,batting-gloves-adidas-30-youth,Bat	Cricket
246,BATTING GLOVES ADIDAS  5.0 YOUTH ,null,1319,photos/products/as.png,1,1,,,14,4203,12,LH,GM,batting-gloves-adidas-50-youth,Bat	Cricket
247,BATTING GLOVES ADIDAS  5.0 YOUTH ,null,1089,photos/products/as.png,1,1,,,14,4203,12,LH,GM,batting-gloves-adidas-50-youth,Bat	Cricket
248,BATTING GLOVES ADIDAS PELLARA 5.0 ,null,999,photos/products/as.png,1,1,,,14,4203,12,RH,PACK,batting-gloves-adidas-pellara-50,Bat	Cricket
249,BATTING GLOVES ADIDAS PELLARA YOUTH ,null,959,photos/products/as.png,1,1,,,14,4203,12,RH,PACK,batting-gloves-adidas-pellara-youth,Bat	Cricket
250,BATTING GLOVES ADIDAS XT PELLARA 4.0 YOUTH ,null,1089,photos/products/as.png,1,1,,,14,4203,12,RH,GM,batting-gloves-adidas-xt-pellara-40-youth,Bat	Cricket
251,BATTING GLOVES AJ  PLAYER EDITION ,null,2345,photos/products/as.png,2,1,,,14,4203,12,RH,PACK,batting-gloves-aj-player-edition,Bat	Cricket
252,BATTING GLOVES BAS PLAYERS ,null,3700,photos/products/batting gloves bas.jpg,2,1,,,14,4203,12,RH,GM,batting-gloves-bas-players,Bat	Cricket
253,BATTING GLOVES BAS PLAYERS ,null,3600,photos/products/batting gloves bas.jpg,6,1,,,14,4203,12,RH,GM,batting-gloves-bas-players,Bat	Cricket
254,BATTING GLOVES BAS PRO BOYS ,null,1670,photos/products/batting gloves bas.jpg,1,1,,,14,4203,12,LH,PACK,batting-gloves-bas-pro-boys,Bat	Cricket
255,BATTING GLOVES BAS PRO YOUTH ,null,1650,photos/products/batting gloves bas.jpg,1,1,,,14,4203,12,LH,GM,batting-gloves-bas-pro-youth,Bat	Cricket
256,BATTING GLOVES DSC CONDOR GLIDER ,null,1279,photos/products/as.png,1,1,,,14,4203,12,RH,PACK,batting-gloves-dsc-condor-glider,Bat	Cricket
257,BATTING GLOVES DSC CONDOR RAPTOR ,null,1099,photos/products/as.png,2,1,,,14,4203,12,RH,PACK,batting-gloves-dsc-condor-raptor,Bat	Cricket
258,BATTING GLOVES DSC FURY NEW ,null,1679,photos/products/as.png,1,1,,,14,4203,12,LH,GM,batting-gloves-dsc-fury-new,Bat	Cricket
259,BATTING GLOVES DSC FURY NEW ,null,1679,photos/products/as.png,1,1,,,14,4203,12,RH,GM,batting-gloves-dsc-fury-new,Bat	Cricket
260,BATTING GLOVES DSC FURY NEW YOUTH ,null,1649,photos/products/as.png,2,1,,,14,4203,12,LH,GM,batting-gloves-dsc-fury-new-youth,Bat	Cricket
261,BATTING GLOVES DSC FURY NEW YOUTH ,null,1649,photos/products/as.png,3,1,,,14,4203,12,RH,GM,batting-gloves-dsc-fury-new-youth,Bat	Cricket
262,BATTING GLOVES DSC INTENSE ATITUDE YOUTH ,null,779,photos/products/as.png,1,1,,,14,4203,12,RH,PACK,batting-gloves-dsc-intense-atitude-youth,Bat	Cricket
263,BATTING GLOVES DSC INTENSE VALOR BOYS ,null,1299,photos/products/as.png,2,1,,,14,4203,12,RH,PACK,batting-gloves-dsc-intense-valor-boys,Bat	Cricket
264,BATTING GLOVES DSC RAGE NEW YOUTH ,null,1049,photos/products/as.png,1,1,,,14,4203,12,LH,GM,batting-gloves-dsc-rage-new-youth,Bat	Cricket
265,BATTING GLOVES DSC RAGE NEW YOUTH ,null,1049,photos/products/as.png,1,1,,,14,4203,12,RH,GM,batting-gloves-dsc-rage-new-youth,Bat	Cricket
266,BATTING GLOVES GM 202 ,null,879,photos/products/batting gloves gm.jpg,1,1,,,14,4203,12,RH,GM,batting-gloves-gm-202,Bat	Cricket
267,BATTING GLOVES GM 606 ,null,2489,photos/products/batting gloves gm.jpg,1,1,,,14,4203,12,LH,PACK,batting-gloves-gm-606,Bat	Cricket
268,BATTING GLOVES GM 606 ,null,2489,photos/products/batting gloves gm.jpg,2,1,,,14,4203,12,RH,PACK,batting-gloves-gm-606,Bat	Cricket
269,BATTING GLOVES GM 606 YOUTH ,null,2449,photos/products/batting gloves gm.jpg,1,1,,,14,4203,12,LH,PACK,batting-gloves-gm-606-youth,Bat	Cricket
270,BATTING GLOVES GM 606 YOUTH ,null,2449,photos/products/batting gloves gm.jpg,2,1,,,14,4203,12,RH,PACK,batting-gloves-gm-606-youth,Bat	Cricket
271,BATTING GLOVES GM 707 ,null,2519,photos/products/batting gloves gm.jpg,1,1,,,14,4203,12,LH,PACK,batting-gloves-gm-707,Bat	Cricket
272,BATTING GLOVES GM 707 ,null,2519,photos/products/batting gloves gm.jpg,2,1,,,14,4203,12,RH,PACK,batting-gloves-gm-707,Bat	Cricket
273,BATTING GLOVES GRAYNICOLLS ELITE ,null,2499,photos/products/batting gloves graynicolls.jpg,1,1,,,14,4203,12,RH,GM,batting-gloves-graynicolls-elite,Bat	Cricket
274,BATTING GLOVES GRAYNICOLLS EXCALIBUR ,null,3999,photos/products/batting gloves graynicolls.jpg,1,1,,,14,4203,12,RH,GM,batting-gloves-graynicolls-excalibur,Bat	Cricket
275,BATTING GLOVES GRAYNICOLLS HERITAGE ,null,5999,photos/products/batting gloves graynicolls.jpg,1,1,,,14,4203,12,LH,GM,batting-gloves-graynicolls-heritage,Bat	Cricket
276,BATTING GLOVES HRS CLUB ,null,1330,photos/products/as.png,2,1,,,14,4203,12,RH,GM,batting-gloves-hrs-club,Bat	Cricket
277,BATTING GLOVES NEW BALANCE 380 ,null,1199,photos/products/as.png,2,1,,,14,4203,12,BOYS,GM,batting-gloves-new-balance-380,Bat	Cricket
278,BATTING GLOVES NEW BALANCE 380 ,null,1199,photos/products/as.png,2,1,,,14,4203,12,YOUTH,GM,batting-gloves-new-balance-380,Bat	Cricket
279,BATTING GLOVES NEW BALANCE BURN ,null,2199,photos/products/as.png,1,1,,,14,4203,12,LH,GM,batting-gloves-new-balance-burn,Bat	Cricket
280,BATTING GLOVES PROTOS P. ,null,425,photos/products/as.png,1,1,,,14,4203,12,RH,PACK,batting-gloves-protos-p,Bat	Cricket
281,BATTING GLOVES PROTOS X TRALITE ,null,1825,photos/products/as.png,1,1,,,14,4203,12,RH,PACK,batting-gloves-protos-x-tralite,Bat	Cricket
282,BATTING GLOVES PUMA EVO 3 ,null,2199,photos/products/as.png,1,1,,,14,4203,12,RH,PACK,batting-gloves-puma-evo-3,Bat	Cricket
283,BATTING GLOVES PUMA EVO 4 ,null,1799,photos/products/as.png,2,1,,,14,4203,12,RH,PACK,batting-gloves-puma-evo-4,Bat	Cricket
284,BATTING GLOVES PUMA EVO YOUTH ,null,699,photos/products/as.png,1,1,,,14,4203,12,RH,PACK,batting-gloves-puma-evo-youth,Bat	Cricket
285,BATTING GLOVES SF MATCHLITE BOYS ,null,835,photos/products/as.png,2,1,,,14,4203,12,RH,PACK,batting-gloves-sf-matchlite-boys,Bat	Cricket
286,BATTING GLOVES SF POWER BOW ,null,2685,photos/products/as.png,1,1,,,14,4203,12,LH,PACK,batting-gloves-sf-power-bow,Bat	Cricket
287,BATTING GLOVES SF POWER BOW ,null,2685,photos/products/as.png,1,1,,,14,4203,12,RH,PACK,batting-gloves-sf-power-bow,Bat	Cricket
288,BATTING GLOVES SF PROLITE MENS ,null,2195,photos/products/as.png,1,1,,,14,4203,12,RH,GM,batting-gloves-sf-prolite-mens,Bat	Cricket
289,BATTING GLOVES SF PROLITE YOUTH ,null,2160,photos/products/as.png,1,1,,,14,4203,12,LH,GM,batting-gloves-sf-prolite-youth,Bat	Cricket
290,BATTING GLOVES SF PROLITE YOUTH ,null,1640,photos/products/as.png,1,1,,,14,4203,12,RH,GM,batting-gloves-sf-prolite-youth,Bat	Cricket
291,BATTING GLOVES SF PROLITE YOUTH ,null,1640,photos/products/as.png,1,1,,,14,4203,12,LH,GM,batting-gloves-sf-prolite-youth,Bat	Cricket
292,BATTING GLOVES SF SUPERLITE YOUTH ,null,1820,photos/products/as.png,1,1,,,14,4203,12,LH,GM,batting-gloves-sf-superlite-youth,Bat	Cricket
293,BATTING GLOVES SF SUPERLITE YOUTH ,null,1820,photos/products/as.png,2,1,,,14,4203,12,RH,GM,batting-gloves-sf-superlite-youth,Bat	Cricket
294,BATTING GLOVES SG  CLUB YOUTH ,null,669,photos/products/batting gloves sg.jpg,1,1,,,14,4203,12,RH,GM,batting-gloves-sg-club-youth,Bat	Cricket
295,BATTING GLOVES SG CAMPUS ,null,509,photos/products/batting gloves sg.jpg,1,1,,,14,4203,12,LH,PACK,batting-gloves-sg-campus,Bat	Cricket
296,BATTING GLOVES SG CAMPUS BOYS ,null,479,photos/products/batting gloves sg.jpg,1,1,,,14,4203,12,RH,GM,batting-gloves-sg-campus-boys,Bat	Cricket
297,BATTING GLOVES SG DAZZLER ,null,2699,photos/products/batting gloves sg.jpg,1,1,,,14,4203,12,LH,GM,batting-gloves-sg-dazzler,Bat	Cricket
298,BATTING GLOVES SG DAZZLER ,null,2699,photos/products/batting gloves sg.jpg,1,1,,,14,4203,12,RH,GM,batting-gloves-sg-dazzler,Bat	Cricket
299,BATTING GLOVES SG E-LITE ,null,999,photos/products/batting gloves sg.jpg,1,1,,,14,4203,12,LH,GM,batting-gloves-sg-e-lite,Bat	Cricket
300,BATTING GLOVES SG E-LITE ,null,969,photos/products/batting gloves sg.jpg,1,1,,,14,4203,12,LH,GM,batting-gloves-sg-e-lite,Bat	Cricket
301,BATTING GLOVES SG EXCELITE ,null,2099,photos/products/batting gloves sg.jpg,1,1,,,14,4203,12,RH,PACK,batting-gloves-sg-excelite,Bat	Cricket
302,BATTING GLOVES SG LEAGUE ,null,1199,photos/products/batting gloves sg.jpg,2,1,,,14,4203,12,RH,GM,batting-gloves-sg-league,Bat	Cricket
303,BATTING GLOVES SG LEAGUE ,null,1069,photos/products/batting gloves sg.jpg,1,1,,,14,4203,12,RH,GM,batting-gloves-sg-league,Bat	Cricket
304,BATTING GLOVES SG LITEVATE YOUTH ,null,1499,photos/products/batting gloves sg.jpg,1,1,,,14,4203,12,LH,GM,batting-gloves-sg-litevate-youth,Bat	Cricket
305,BATTING GLOVES SG PROSOFT ,null,1899,photos/products/batting gloves sg.jpg,1,1,,,14,4203,12,LH,GM,batting-gloves-sg-prosoft,Bat	Cricket
306,BATTING GLOVES SG PROSOFT ,null,2099,photos/products/battingh gloves sg.jpg,1,1,,,14,4203,12,LH,GM,batting-gloves-sg-prosoft,Bat	Cricket
307,BATTING GLOVES SG PROSOFT YOUTH ,null,1649,photos/products/batting gloves sg.jpg,1,1,,,14,4203,12,LH,GM,batting-gloves-sg-prosoft-youth,Bat	Cricket
308,BATTING GLOVES SG RSD PROLITE ,null,1469,photos/products/batting gloves sg.jpg,1,1,,,14,4203,12,LH,GM,batting-gloves-sg-rsd-prolite,Bat	Cricket
309,BATTING GLOVES SG SUPER CLUB ,null,879,photos/products/batting gloves sg.jpg,1,1,,,14,4203,12,LH,GM,batting-gloves-sg-super-club,Bat	Cricket
310,BATTING GLOVES SG SUPER CLUB YOUTH ,null,809,photos/products/batting gloves sg.jpg,1,1,,,14,4203,12,LH,PACK,batting-gloves-sg-super-club-youth,Bat	Cricket
311,BATTING GLOVES SG TEST PRO ,null,2499,photos/products/batting gloves sg.jpg,1,1,,,14,4203,12,LH,GM,batting-gloves-sg-test-pro,Bat	Cricket
312,BATTING GLOVES SG TEST WHITE ,null,2649,photos/products/batting gloves sg.jpg,1,1,,,14,4203,12,LH,GM,batting-gloves-sg-test-white,Bat	Cricket
313,BATTING GLOVES SS ACADEMY ,null,610,photos/products/batting gloves ss.jpg,1,1,,,14,4203,12,LH,GM,batting-gloves-ss-academy,Bat	Cricket
314,BATTING GLOVES SS ACADEMY ,null,610,photos/products/batting gloves ss.jpg,5,1,,,14,4203,12,RH,GM,batting-gloves-ss-academy,Bat	Cricket
315,BATTING GLOVES SS COUNTYLITE ,null,755,photos/products/batting gloves ss.jpg,2,1,,,14,4203,12,LH,GM,batting-gloves-ss-countylite,Bat	Cricket
316,BATTING GLOVES SS COUNTYLITE ,null,755,photos/products/batting gloves ss.jpg,2,1,,,14,4203,12,RH,GM,batting-gloves-ss-countylite,Bat	Cricket
317,BATTING GLOVES SS DELUXE ,null,1080,photos/products/batting gloves ss.jpg,3,1,,,14,4203,12,LH,GM,batting-gloves-ss-deluxe,Bat	Cricket
318,BATTING GLOVES SS GLORY ,null,1200,photos/products/batting gloves ss.jpg,1,1,,,14,4203,12,RH,PACK,batting-gloves-ss-glory,Bat	Cricket
319,BATTING GLOVES SS GUTSY ,null,1980,photos/products/batting gloves ss.jpg,1,1,,,14,4203,12,LH,PACK,batting-gloves-ss-gutsy,Bat	Cricket
320,BATTING GLOVES SS HITECH ,null,2860,photos/products/batting gloves ss.jpg,1,1,,,14,4203,12,RH,GM,batting-gloves-ss-hitech,Bat	Cricket
321,BATTING GLOVES SS HITECH ,null,2860,photos/products/batting gloves ss.jpg,1,1,,,14,4203,12,LH,GM,batting-gloves-ss-hitech,Bat	Cricket
322,BATTING GLOVES SS MATCH ,null,1315,photos/products/batting gloves ss.jpg,1,1,,,14,4203,12,LH,GM,batting-gloves-ss-match,Bat	Cricket
323,BATTING GLOVES SS MATCH ,null,1315,photos/products/batting gloves ss.jpg,2,1,,,14,4203,12,RH,GM,batting-gloves-ss-match,Bat	Cricket
324,BATTING GLOVES SS PLATINO ,null,1720,photos/products/batting gloves ss.jpg,3,1,,,14,4203,12,LH,GM,batting-gloves-ss-platino,Bat	Cricket
325,BATTING GLOVES SS PLATINO ,null,1720,photos/products/batting gloves ss.jpg,4,1,,,14,4203,12,RH,GM,batting-gloves-ss-platino,Bat	Cricket
326,BATTING GLOVES SS PLATINO YOUTH ,null,1675,photos/products/batting gloves ss.jpg,1,1,,,14,4203,12,RH,GM,batting-gloves-ss-platino-youth,Bat	Cricket
327,BATTING GLOVES SS PLATINO YOUTH ,null,1675,photos/products/batting gloves ss.jpg,1,1,,,14,4203,12,RH,GM,batting-gloves-ss-platino-youth,Bat	Cricket
328,BATTING GLOVES SS SLASHER ,null,2000,photos/products/batting gloves ss.jpg,2,1,,,14,4203,12,LH,PACK,batting-gloves-ss-slasher,Bat	Cricket
329,BATTING GLOVES SS SLASHER ,null,2000,photos/products/batting gloves ss.jpg,2,1,,,14,4203,12,RH,PACK,batting-gloves-ss-slasher,Bat	Cricket
330,BATTING GLOVES SS SUPERLITE ,null,1960,photos/products/batting gloves ss.jpg,1,1,,,14,4203,12,LH,PACK,batting-gloves-ss-superlite,Bat	Cricket
331,BATTING GLOVES SS SUPERLITE ,null,1960,photos/products/batting gloves ss.jpg,1,1,,,14,4203,12,RH,PACK,batting-gloves-ss-superlite,Bat	Cricket
332,BATTING GLOVES SS SUPERLITE YOUTH ,null,1610,photos/products/batting gloves ss.jpg,1,1,,,14,4203,12,LH,GM,batting-gloves-ss-superlite-youth,Bat	Cricket
333,BATTING GLOVES SS SUPREME ,null,2040,photos/products/batting gloves ss.jpg,2,1,,,14,4203,12,RH,PACK,batting-gloves-ss-supreme,Bat	Cricket
334,BATTING GLOVES SS TEST PLAYERS ,null,2860,photos/products/batting gloves ss.jpg,1,1,,,14,4203,12,LH,PACK,batting-gloves-ss-test-players,Bat	Cricket
335,BATTING GLOVES SS TEST PLAYERS ,null,2860,photos/products/batting gloves ss.jpg,1,1,,,14,4203,12,RH,PACK,batting-gloves-ss-test-players,Bat	Cricket
336,BATTING GLOVES SS TON 999 ,null,700,photos/products/batting gloves ss.jpg,1,1,,,14,4203,12,LH,PACK,batting-gloves-ss-ton-999,Bat	Cricket
337,BATTING GLOVES SS TON CLASSIC ,null,600,photos/products/batting gloves ss.jpg,2,1,,,14,4203,12,RH,PACK,batting-gloves-ss-ton-classic,Bat	Cricket
338,BATTING GLOVES SS TON ELITE ,null,800,photos/products/batting gloves ss.jpg,1,1,,,14,4203,12,RH,PACK,batting-gloves-ss-ton-elite,Bat	Cricket
339,BATTING GLOVES SS TOURNAMENT ,null,1745,photos/products/batting gloves ss.jpg,1,1,,,14,4203,12,LH,GM,batting-gloves-ss-tournament,Bat	Cricket
340,BATTING PAD ADIDAS ,null,1449,photos/products/as.png,1,1,,,15,9506,12,RH,PACK,batting-pad-adidas,Bat	Cricket
341,BATTING PAD ADIDAS YOUTH ,null,1359,photos/products/as.png,1,1,,,15,9506,12,RH,GM,batting-pad-adidas-youth,Bat	Cricket
342,BATTING PAD ADIDAS YOUTH ,null,1599,photos/products/as.png,2,1,,,15,9506,12,RH,GM,batting-pad-adidas-youth,Bat	Cricket
343,BATTING PAD AJ PRESTIGE ,null,3320,photos/products/as.png,1,1,,,15,9506,12,RH,PACK,batting-pad-aj-prestige,Bat	Cricket
344,BATTING PAD BAS PRO ,null,1400,photos/products/as.png,2,1,,,15,9506,12,RH,PACK,batting-pad-bas-pro,Bat	Cricket
345,BATTING PAD COVER FINO PAD COVER ,null,999,photos/products/as.png,6,1,,,15,9506,12,,PACK,batting-pad-cover-fino-pad-cover,Bat	Cricket
346,BATTING PAD DSC GLIDER ,null,1949,photos/products/as.png,1,1,,,15,9506,12,LH,GM,batting-pad-dsc-glider,Bat	Cricket
347,BATTING PAD DSC GLIDER ,null,1949,photos/products/as.png,2,1,,,15,9506,12,RH,GM,batting-pad-dsc-glider,Bat	Cricket
348,BATTING PAD DSC INTENSE RAGE YOUTH ,null,1499,photos/products/as.png,1,1,,,15,9506,12,LH,PACK,batting-pad-dsc-intense-rage-youth,Bat	Cricket
349,BATTING PAD DSC SHOC ,null,1999,photos/products/as.png,1,1,,,15,9506,12,RH,PACK,batting-pad-dsc-shoc,Bat	Cricket
350,BATTING PAD GRAYNICOLLS ELITE MAAX ,null,3499,photos/products/as.png,1,1,,,15,9506,12,RH,GM,batting-pad-graynicolls-elite-maax,Bat	Cricket
351,BATTING PAD GRAYNICOLLS ENFORCER ,null,2199,photos/products/as.png,1,1,,,15,9506,12,RH,GM,batting-pad-graynicolls-enforcer,Bat	Cricket
352,BATTING PAD NB DC580 ,null,2500,photos/products/as.png,1,1,,,15,9506,12,RH,PACK,batting-pad-nb-dc580,Bat	Cricket
353,BATTING PAD PUMA EVO SPEED 1500 ,null,2799,photos/products/as.png,1,1,,,15,9506,12,RH,PACK,batting-pad-puma-evo-speed-1500,Bat	Cricket
354,BATTING PAD SF BLASTER 4000 BOYS ,null,1220,photos/products/as.png,2,1,,,15,9506,12,RH,Pack,batting-pad-sf-blaster-4000-boys,Bat	Cricket
355,BATTING PAD SF CLUBLITE BOYS ,null,1620,photos/products/as.png,1,1,,,15,9506,12,RH,GM,batting-pad-sf-clublite-boys,Bat	Cricket
356,BATTING PAD SF CLUBLITE YOUTH ,null,1675,photos/products/as.png,1,1,,,15,9506,12,RH,GM,batting-pad-sf-clublite-youth,Bat	Cricket
357,BATTING PAD SF POWER BOW ,null,3890,photos/products/as.png,1,1,,,15,9506,12,LH,GM,batting-pad-sf-power-bow,Bat	Cricket
358,BATTING PAD SF RANJI ,null,2325,photos/products/as.png,1,1,,,15,9506,12,RH,GM,batting-pad-sf-ranji,Bat	Cricket
359,BATTING PAD SF ULTRALITE ,null,2340,photos/products/as.png,1,1,,,15,9506,12,RH,PACK,batting-pad-sf-ultralite,Bat	Cricket
360,BATTING PAD SF ULTRALITE YOUTH ,null,2340,photos/products/as.png,1,1,,,15,9506,12,RH,GM,batting-pad-sf-ultralite-youth,Bat	Cricket
361,BATTING PAD SG  HILITE ,null,4199,photos/products/batting pad sg.jpg,1,1,,,15,9506,12,RH,GM,batting-pad-sg-hilite,Bat	Cricket
362,BATTING PAD SG  LITEVATE ,null,2499,photos/products/batting pad sg.jpg,1,1,,,15,9506,12,LH,GM,batting-pad-sg-litevate,Bat	Cricket
363,BATTING PAD SG HILITE WHITE ,null,4729,photos/products/batting pad sg.jpg,1,1,,,15,9506,12,RH,PACK,batting-pad-sg-hilite-white,Bat	Cricket
364,BATTING PAD SG LEAGUE ,null,2089,photos/products/batting pad sg.jpg,1,1,,,15,9506,12,LH,GM,batting-pad-sg-league,Bat	Cricket
365,BATTING PAD SG MEOAL ,null,2399,photos/products/batting pad sg.jpg,1,1,,,15,9506,12,RH,GM,batting-pad-sg-meoal,Bat	Cricket
366,BATTING PAD SG NEXUS BOYS ,null,979,photos/products/batting pad sg.jpg,1,1,,,15,9506,12,RH,PACK,batting-pad-sg-nexus-boys,Bat	Cricket
367,BATTING PAD SG TEST WHITE ,null,3679,photos/products/batting pad sg.jpg,2,1,,,15,95069920,12,LH,GM,batting-pad-sg-test-white,Bat	Cricket
368,BATTING PAD SG TEST WHITE ,null,3959,photos/products/batting pad sg.jpg,1,1,,,15,95069920,12,LH,GM,batting-pad-sg-test-white,Bat	Cricket
369,BATTING PAD SG VS319 SPARK ,null,2199,photos/products/batting pad sg.jpg,1,1,,,15,9506,12,RH,GM,batting-pad-sg-vs319-spark,Bat	Cricket
370,BATTING PAD SI ,null,1300,photos/products/as.png,1,1,,,15,95061,12,RH,GM,batting-pad-si,Bat	Cricket
371,BATTING PAD SS  TEST OPENER ,null,4115,photos/products/batting pad ss.jpg,2,1,,,15,9506,12,LH,GM,batting-pad-ss-test-opener	Cricket
372,BATTING PAD SS  TEST OPENER ,null,4115,photos/products/batting pad ss.jpg,2,1,,,15,9506,12,RH,GM,batting-pad-ss-test-opener	Cricket
373,BATTING PAD SS  TEST OPENER YOUTH ,null,4070,photos/products/batting pad ss.jpg,1,1,,,15,9506,12,LH,GM,batting-pad-ss-test-opener-youth	Cricket
374,BATTING PAD SS  TEST OPENER YOUTH ,null,4070,photos/products/batting pad ss.jpg,3,1,,,15,9506,12,RH,GM,batting-pad-ss-test-opener-youth	Cricket
375,BATTING PAD SS ACADEMY ,null,1200,photos/products/batting pad ss.jpg,3,1,,,15,9506,12,RH,GM,batting-pad-ss-academy	Cricket
376,BATTING PAD SS ACADEMY BOYS ,null,1145,photos/products/batting pad ss.jpg,1,1,,,15,9506,12,RH,PACK,batting-pad-ss-academy-boys	Cricket
377,BATTING PAD SS ACADEMY YOUTH ,null,1170,photos/products/batting pad ss.jpg,3,1,,,15,9506,12,RH,PACK,batting-pad-ss-academy-youth	Cricket
378,BATTING PAD SS CAMBRIDGE ,null,1735,photos/products/batting pad ss.jpg,1,1,,,15,9506,12,RH,GM,batting-pad-ss-cambridge	Cricket
379,BATTING PAD SS CAMBRIDGE ,null,1735,photos/products/batting pad ss.jpg,1,1,,,15,9506,12,LH,GM,batting-pad-ss-cambridge	Cricket
380,BATTING PAD SS CAMBRIDGE ,null,1460,photos/products/batting pad ss.jpg,1,1,,,15,9506,12,LH,GM,batting-pad-ss-cambridge	Cricket
381,BATTING PAD SS CLUBLITE BOYS ,null,1385,photos/products/batting pad ss.jpg,1,1,,,15,9506,12,RH,GM,batting-pad-ss-clublite-boys	Cricket
382,BATTING PAD SS ELITE ,null,1480,photos/products/batting pad ss.jpg,2,1,,,15,9506,12,RH,PACK,batting-pad-ss-elite	Cricket
383,BATTING PAD SS GLORY ,null,2160,photos/products/batting pad ss.jpg,2,1,,,15,9506,12,RH,PACK,batting-pad-ss-glory	Cricket
384,BATTING PAD SS MATCH ,null,1200,photos/products/batting pad ss.jpg,1,1,,,15,9506,12,RH,GM,batting-pad-ss-match	Cricket
385,BATTING PAD SS MATCH BOYS ,null,1870,photos/products/batting pad ss.jpg,3,1,,,15,9506,12,RH,GM,batting-pad-ss-match-boys	Cricket
386,BATTING PAD SS MATCH BOYS ,null,1775,photos/products/batting pad ss.jpg,1,1,,,15,9506,12,RH,GM,batting-pad-ss-match-boys	Cricket
387,BATTING PAD SS MATCH YOUTH ,null,1910,photos/products/batting pad ss.jpg,2,1,,,15,9506,12,RH,GM,batting-pad-ss-match-youth	Cricket
388,BATTING PAD SS MATRIX ,null,4365,photos/products/batting pad ss.jpg,1,1,,,15,9506,12,RH,GM,batting-pad-ss-matrix	Cricket
389,BATTING PAD SS PLATINO ,null,2305,photos/products/batting pad ss.jpg,1,1,,,15,9506,12,LH,GM,batting-pad-ss-platino	Cricket
390,BATTING PAD SS PLATINO ,null,2305,photos/products/batting pad ss.jpg,3,1,,,15,9506,12,RH,GM,batting-pad-ss-platino	Cricket
391,BATTING PAD SS PLATINO ,null,2195,photos/products/batting pad ss.jpg,1,1,,,15,9506,12,RH,GM,batting-pad-ss-platino	Cricket
392,BATTING PAD SS POWER PLUS ,null,1600,photos/products/batting pad ss.jpg,3,1,,,15,9506,12,LH,PACK,batting-pad-ss-power-plus	Cricket
393,BATTING PAD SS POWER PLUS ,null,1600,photos/products/batting pad ss.jpg,1,1,,,15,9506,12,RH,PACK,batting-pad-ss-power-plus	Cricket
394,BATTING PAD SS SLASHER ,null,2560,photos/products/batting pad ss.jpg,1,1,,,15,9506,12,RH,PACK,batting-pad-ss-slasher	Cricket
395,BATTING PAD SS SLASHER ,null,2560,photos/products/batting pad ss.jpg,1,1,,,15,9506,12,LH,PACK,batting-pad-ss-slasher	Cricket
396,BATTING PAD SS SUPER ,null,2180,photos/products/batting pad ss.jpg,1,1,,,15,9506,12,LH,PACK,batting-pad-ss-super	Cricket
397,BATTING PAD SS SUPER ,null,2180,photos/products/bating pad ss.jpg,1,1,,,15,9506,12,RH,PACK,batting-pad-ss-super	Cricket
398,BATTING PAD SS SUPREME ,null,2770,photos/products/batting pad ss.jpg,3,1,,,15,9506,12,LH,PACK,batting-pad-ss-supreme	Cricket
399,BATTING PAD SS SUPREME ,null,2770,photos/products/batting pad ss.jpg,1,1,,,15,9506,12,RH,PACK,batting-pad-ss-supreme	Cricket
400,BATTING PAD SS TEST OPENER BOYS ,null,4025,photos/products/batting pad ss.jpg,1,1,,,15,9506,12,RH,GM,batting-pad-ss-test-opener-boys	Cricket
401,BATTING PAD SS TEST PLAYERS ,null,3220,photos/products/batting pad ss.jpg,1,1,,,15,9506,12,LH,GM,batting-pad-ss-test-players	Cricket
402,BATTING TEE COUGAR ,null,85,photos/products/as.png,9,1,,,16,95061,12,,PACK,batting-tee-cougar	Cricket
403,BATTING TEE HRS ,null,120,photos/products/as.png,3,1,,,16,95061,12,,GM,batting-tee-hrs	Cricket